sequence_id,process result,xml-file-size,input xml-path,output-csv-path,start time,end time
0,0,31.01,C:\Users\11097\Desktop\徐佳伟\【python面试题3】数据处理-python组件熟悉情况\cp02_input\xml2019081210-1,C:\Users\11097\Desktop\徐佳伟\【python面试题3】数据处理-python组件熟悉情况\outfile\xml2019081210-1.csv,Sat Apr  4 21:03:34 2020,Sat Apr  4 21:03:34 2020
1,0,30.15,C:\Users\11097\Desktop\徐佳伟\【python面试题3】数据处理-python组件熟悉情况\cp02_input\xml2019081210-2,C:\Users\11097\Desktop\徐佳伟\【python面试题3】数据处理-python组件熟悉情况\outfile\xml2019081210-2.csv,Sat Apr  4 21:03:34 2020,Sat Apr  4 21:03:34 2020
2,0,29.86,C:\Users\11097\Desktop\徐佳伟\【python面试题3】数据处理-python组件熟悉情况\cp02_input\xml2019081210-3,C:\Users\11097\Desktop\徐佳伟\【python面试题3】数据处理-python组件熟悉情况\outfile\xml2019081210-3.csv,Sat Apr  4 21:03:34 2020,Sat Apr  4 21:03:34 2020
3,0,27.58,C:\Users\11097\Desktop\徐佳伟\【python面试题3】数据处理-python组件熟悉情况\cp02_input\xml2019081210-4,C:\Users\11097\Desktop\徐佳伟\【python面试题3】数据处理-python组件熟悉情况\outfile\xml2019081210-4.csv,Sat Apr  4 21:03:34 2020,Sat Apr  4 21:03:34 2020
4,0,31.0,C:\Users\11097\Desktop\徐佳伟\【python面试题3】数据处理-python组件熟悉情况\cp02_input\xml2019081210-5,C:\Users\11097\Desktop\徐佳伟\【python面试题3】数据处理-python组件熟悉情况\outfile\xml2019081210-5.csv,Sat Apr  4 21:03:34 2020,Sat Apr  4 21:03:34 2020
5,0,28.72,C:\Users\11097\Desktop\徐佳伟\【python面试题3】数据处理-python组件熟悉情况\cp02_input\xml2019081210-6,C:\Users\11097\Desktop\徐佳伟\【python面试题3】数据处理-python组件熟悉情况\outfile\xml2019081210-6.csv,Sat Apr  4 21:03:34 2020,Sat Apr  4 21:03:34 2020
6,0,32.15,C:\Users\11097\Desktop\徐佳伟\【python面试题3】数据处理-python组件熟悉情况\cp02_input\xml2019081210-7,C:\Users\11097\Desktop\徐佳伟\【python面试题3】数据处理-python组件熟悉情况\outfile\xml2019081210-7.csv,Sat Apr  4 21:03:34 2020,Sat Apr  4 21:03:34 2020
7,0,28.43,C:\Users\11097\Desktop\徐佳伟\【python面试题3】数据处理-python组件熟悉情况\cp02_input\xml2019081210-8,C:\Users\11097\Desktop\徐佳伟\【python面试题3】数据处理-python组件熟悉情况\outfile\xml2019081210-8.csv,Sat Apr  4 21:03:34 2020,Sat Apr  4 21:03:34 2020
8,0,31.29,C:\Users\11097\Desktop\徐佳伟\【python面试题3】数据处理-python组件熟悉情况\cp02_input\xml2019081210-9,C:\Users\11097\Desktop\徐佳伟\【python面试题3】数据处理-python组件熟悉情况\outfile\xml2019081210-9.csv,Sat Apr  4 21:03:34 2020,Sat Apr  4 21:03:34 2020
9,0,29.0,C:\Users\11097\Desktop\徐佳伟\【python面试题3】数据处理-python组件熟悉情况\cp02_input\xml2019081210-10,C:\Users\11097\Desktop\徐佳伟\【python面试题3】数据处理-python组件熟悉情况\outfile\xml2019081210-10.csv,Sat Apr  4 21:03:34 2020,Sat Apr  4 21:03:34 2020
10,0,31.86,C:\Users\11097\Desktop\徐佳伟\【python面试题3】数据处理-python组件熟悉情况\cp02_input\xml2019081210-11,C:\Users\11097\Desktop\徐佳伟\【python面试题3】数据处理-python组件熟悉情况\outfile\xml2019081210-11.csv,Sat Apr  4 21:03:34 2020,Sat Apr  4 21:03:34 2020
11,0,27.86,C:\Users\11097\Desktop\徐佳伟\【python面试题3】数据处理-python组件熟悉情况\cp02_input\xml2019081210-12,C:\Users\11097\Desktop\徐佳伟\【python面试题3】数据处理-python组件熟悉情况\outfile\xml2019081210-12.csv,Sat Apr  4 21:03:34 2020,Sat Apr  4 21:03:34 2020
12,0,26.72,C:\Users\11097\Desktop\徐佳伟\【python面试题3】数据处理-python组件熟悉情况\cp02_input\xml2019081210-13,C:\Users\11097\Desktop\徐佳伟\【python面试题3】数据处理-python组件熟悉情况\outfile\xml2019081210-13.csv,Sat Apr  4 21:03:34 2020,Sat Apr  4 21:03:34 2020
13,0,27.86,C:\Users\11097\Desktop\徐佳伟\【python面试题3】数据处理-python组件熟悉情况\cp02_input\xml2019081210-14,C:\Users\11097\Desktop\徐佳伟\【python面试题3】数据处理-python组件熟悉情况\outfile\xml2019081210-14.csv,Sat Apr  4 21:03:34 2020,Sat Apr  4 21:03:34 2020
14,0,32.15,C:\Users\11097\Desktop\徐佳伟\【python面试题3】数据处理-python组件熟悉情况\cp02_input\xml2019081210-15,C:\Users\11097\Desktop\徐佳伟\【python面试题3】数据处理-python组件熟悉情况\outfile\xml2019081210-15.csv,Sat Apr  4 21:03:34 2020,Sat Apr  4 21:03:34 2020
15,0,28.44,C:\Users\11097\Desktop\徐佳伟\【python面试题3】数据处理-python组件熟悉情况\cp02_input\xml2019081210-16,C:\Users\11097\Desktop\徐佳伟\【python面试题3】数据处理-python组件熟悉情况\outfile\xml2019081210-16.csv,Sat Apr  4 21:03:34 2020,Sat Apr  4 21:03:34 2020
16,0,31.0,C:\Users\11097\Desktop\徐佳伟\【python面试题3】数据处理-python组件熟悉情况\cp02_input\xml2019081210-17,C:\Users\11097\Desktop\徐佳伟\【python面试题3】数据处理-python组件熟悉情况\outfile\xml2019081210-17.csv,Sat Apr  4 21:03:34 2020,Sat Apr  4 21:03:34 2020
17,0,26.44,C:\Users\11097\Desktop\徐佳伟\【python面试题3】数据处理-python组件熟悉情况\cp02_input\xml2019081210-18,C:\Users\11097\Desktop\徐佳伟\【python面试题3】数据处理-python组件熟悉情况\outfile\xml2019081210-18.csv,Sat Apr  4 21:03:34 2020,Sat Apr  4 21:03:34 2020
18,0,31.58,C:\Users\11097\Desktop\徐佳伟\【python面试题3】数据处理-python组件熟悉情况\cp02_input\xml2019081210-19,C:\Users\11097\Desktop\徐佳伟\【python面试题3】数据处理-python组件熟悉情况\outfile\xml2019081210-19.csv,Sat Apr  4 21:03:34 2020,Sat Apr  4 21:03:34 2020
19,0,30.43,C:\Users\11097\Desktop\徐佳伟\【python面试题3】数据处理-python组件熟悉情况\cp02_input\xml2019081210-20,C:\Users\11097\Desktop\徐佳伟\【python面试题3】数据处理-python组件熟悉情况\outfile\xml2019081210-20.csv,Sat Apr  4 21:03:34 2020,Sat Apr  4 21:03:34 2020
20,0,27.29,C:\Users\11097\Desktop\徐佳伟\【python面试题3】数据处理-python组件熟悉情况\cp02_input\xml2019081210-21,C:\Users\11097\Desktop\徐佳伟\【python面试题3】数据处理-python组件熟悉情况\outfile\xml2019081210-21.csv,Sat Apr  4 21:03:34 2020,Sat Apr  4 21:03:34 2020
21,0,28.71,C:\Users\11097\Desktop\徐佳伟\【python面试题3】数据处理-python组件熟悉情况\cp02_input\xml2019081210-22,C:\Users\11097\Desktop\徐佳伟\【python面试题3】数据处理-python组件熟悉情况\outfile\xml2019081210-22.csv,Sat Apr  4 21:03:34 2020,Sat Apr  4 21:03:34 2020
22,0,26.44,C:\Users\11097\Desktop\徐佳伟\【python面试题3】数据处理-python组件熟悉情况\cp02_input\xml2019081210-23,C:\Users\11097\Desktop\徐佳伟\【python面试题3】数据处理-python组件熟悉情况\outfile\xml2019081210-23.csv,Sat Apr  4 21:03:34 2020,Sat Apr  4 21:03:34 2020
23,0,29.58,C:\Users\11097\Desktop\徐佳伟\【python面试题3】数据处理-python组件熟悉情况\cp02_input\xml2019081210-24,C:\Users\11097\Desktop\徐佳伟\【python面试题3】数据处理-python组件熟悉情况\outfile\xml2019081210-24.csv,Sat Apr  4 21:03:34 2020,Sat Apr  4 21:03:34 2020
24,0,27.01,C:\Users\11097\Desktop\徐佳伟\【python面试题3】数据处理-python组件熟悉情况\cp02_input\xml2019081210-25,C:\Users\11097\Desktop\徐佳伟\【python面试题3】数据处理-python组件熟悉情况\outfile\xml2019081210-25.csv,Sat Apr  4 21:03:34 2020,Sat Apr  4 21:03:34 2020
25,0,26.72,C:\Users\11097\Desktop\徐佳伟\【python面试题3】数据处理-python组件熟悉情况\cp02_input\xml2019081210-26,C:\Users\11097\Desktop\徐佳伟\【python面试题3】数据处理-python组件熟悉情况\outfile\xml2019081210-26.csv,Sat Apr  4 21:03:34 2020,Sat Apr  4 21:03:34 2020
26,0,28.72,C:\Users\11097\Desktop\徐佳伟\【python面试题3】数据处理-python组件熟悉情况\cp02_input\xml2019081210-27,C:\Users\11097\Desktop\徐佳伟\【python面试题3】数据处理-python组件熟悉情况\outfile\xml2019081210-27.csv,Sat Apr  4 21:03:34 2020,Sat Apr  4 21:03:34 2020
27,0,29.57,C:\Users\11097\Desktop\徐佳伟\【python面试题3】数据处理-python组件熟悉情况\cp02_input\xml2019081210-28,C:\Users\11097\Desktop\徐佳伟\【python面试题3】数据处理-python组件熟悉情况\outfile\xml2019081210-28.csv,Sat Apr  4 21:03:34 2020,Sat Apr  4 21:03:34 2020
28,0,31.29,C:\Users\11097\Desktop\徐佳伟\【python面试题3】数据处理-python组件熟悉情况\cp02_input\xml2019081210-29,C:\Users\11097\Desktop\徐佳伟\【python面试题3】数据处理-python组件熟悉情况\outfile\xml2019081210-29.csv,Sat Apr  4 21:03:34 2020,Sat Apr  4 21:03:34 2020
29,0,31.86,C:\Users\11097\Desktop\徐佳伟\【python面试题3】数据处理-python组件熟悉情况\cp02_input\xml2019081210-30,C:\Users\11097\Desktop\徐佳伟\【python面试题3】数据处理-python组件熟悉情况\outfile\xml2019081210-30.csv,Sat Apr  4 21:03:34 2020,Sat Apr  4 21:03:34 2020
30,0,27.58,C:\Users\11097\Desktop\徐佳伟\【python面试题3】数据处理-python组件熟悉情况\cp02_input\xml2019081210-31,C:\Users\11097\Desktop\徐佳伟\【python面试题3】数据处理-python组件熟悉情况\outfile\xml2019081210-31.csv,Sat Apr  4 21:03:34 2020,Sat Apr  4 21:03:34 2020
31,0,30.14,C:\Users\11097\Desktop\徐佳伟\【python面试题3】数据处理-python组件熟悉情况\cp02_input\xml2019081210-32,C:\Users\11097\Desktop\徐佳伟\【python面试题3】数据处理-python组件熟悉情况\outfile\xml2019081210-32.csv,Sat Apr  4 21:03:34 2020,Sat Apr  4 21:03:34 2020
32,0,30.72,C:\Users\11097\Desktop\徐佳伟\【python面试题3】数据处理-python组件熟悉情况\cp02_input\xml2019081210-33,C:\Users\11097\Desktop\徐佳伟\【python面试题3】数据处理-python组件熟悉情况\outfile\xml2019081210-33.csv,Sat Apr  4 21:03:34 2020,Sat Apr  4 21:03:34 2020
33,0,29.58,C:\Users\11097\Desktop\徐佳伟\【python面试题3】数据处理-python组件熟悉情况\cp02_input\xml2019081210-34,C:\Users\11097\Desktop\徐佳伟\【python面试题3】数据处理-python组件熟悉情况\outfile\xml2019081210-34.csv,Sat Apr  4 21:03:34 2020,Sat Apr  4 21:03:34 2020
34,0,31.86,C:\Users\11097\Desktop\徐佳伟\【python面试题3】数据处理-python组件熟悉情况\cp02_input\xml2019081210-35,C:\Users\11097\Desktop\徐佳伟\【python面试题3】数据处理-python组件熟悉情况\outfile\xml2019081210-35.csv,Sat Apr  4 21:03:34 2020,Sat Apr  4 21:03:34 2020
35,0,30.15,C:\Users\11097\Desktop\徐佳伟\【python面试题3】数据处理-python组件熟悉情况\cp02_input\xml2019081210-36,C:\Users\11097\Desktop\徐佳伟\【python面试题3】数据处理-python组件熟悉情况\outfile\xml2019081210-36.csv,Sat Apr  4 21:03:34 2020,Sat Apr  4 21:03:34 2020
36,0,27.86,C:\Users\11097\Desktop\徐佳伟\【python面试题3】数据处理-python组件熟悉情况\cp02_input\xml2019081210-37,C:\Users\11097\Desktop\徐佳伟\【python面试题3】数据处理-python组件熟悉情况\outfile\xml2019081210-37.csv,Sat Apr  4 21:03:34 2020,Sat Apr  4 21:03:34 2020
37,0,30.72,C:\Users\11097\Desktop\徐佳伟\【python面试题3】数据处理-python组件熟悉情况\cp02_input\xml2019081210-38,C:\Users\11097\Desktop\徐佳伟\【python面试题3】数据处理-python组件熟悉情况\outfile\xml2019081210-38.csv,Sat Apr  4 21:03:34 2020,Sat Apr  4 21:03:34 2020
38,0,31.3,C:\Users\11097\Desktop\徐佳伟\【python面试题3】数据处理-python组件熟悉情况\cp02_input\xml2019081210-39,C:\Users\11097\Desktop\徐佳伟\【python面试题3】数据处理-python组件熟悉情况\outfile\xml2019081210-39.csv,Sat Apr  4 21:03:34 2020,Sat Apr  4 21:03:34 2020
39,0,31.86,C:\Users\11097\Desktop\徐佳伟\【python面试题3】数据处理-python组件熟悉情况\cp02_input\xml2019081210-40,C:\Users\11097\Desktop\徐佳伟\【python面试题3】数据处理-python组件熟悉情况\outfile\xml2019081210-40.csv,Sat Apr  4 21:03:34 2020,Sat Apr  4 21:03:34 2020
40,0,30.72,C:\Users\11097\Desktop\徐佳伟\【python面试题3】数据处理-python组件熟悉情况\cp02_input\xml2019081210-41,C:\Users\11097\Desktop\徐佳伟\【python面试题3】数据处理-python组件熟悉情况\outfile\xml2019081210-41.csv,Sat Apr  4 21:03:34 2020,Sat Apr  4 21:03:34 2020
41,0,30.71,C:\Users\11097\Desktop\徐佳伟\【python面试题3】数据处理-python组件熟悉情况\cp02_input\xml2019081210-42,C:\Users\11097\Desktop\徐佳伟\【python面试题3】数据处理-python组件熟悉情况\outfile\xml2019081210-42.csv,Sat Apr  4 21:03:34 2020,Sat Apr  4 21:03:34 2020
42,0,26.44,C:\Users\11097\Desktop\徐佳伟\【python面试题3】数据处理-python组件熟悉情况\cp02_input\xml2019081210-43,C:\Users\11097\Desktop\徐佳伟\【python面试题3】数据处理-python组件熟悉情况\outfile\xml2019081210-43.csv,Sat Apr  4 21:03:34 2020,Sat Apr  4 21:03:34 2020
43,0,31.0,C:\Users\11097\Desktop\徐佳伟\【python面试题3】数据处理-python组件熟悉情况\cp02_input\xml2019081210-44,C:\Users\11097\Desktop\徐佳伟\【python面试题3】数据处理-python组件熟悉情况\outfile\xml2019081210-44.csv,Sat Apr  4 21:03:34 2020,Sat Apr  4 21:03:34 2020
44,0,29.87,C:\Users\11097\Desktop\徐佳伟\【python面试题3】数据处理-python组件熟悉情况\cp02_input\xml2019081210-45,C:\Users\11097\Desktop\徐佳伟\【python面试题3】数据处理-python组件熟悉情况\outfile\xml2019081210-45.csv,Sat Apr  4 21:03:34 2020,Sat Apr  4 21:03:34 2020
45,0,29.86,C:\Users\11097\Desktop\徐佳伟\【python面试题3】数据处理-python组件熟悉情况\cp02_input\xml2019081210-46,C:\Users\11097\Desktop\徐佳伟\【python面试题3】数据处理-python组件熟悉情况\outfile\xml2019081210-46.csv,Sat Apr  4 21:03:34 2020,Sat Apr  4 21:03:34 2020
46,0,30.43,C:\Users\11097\Desktop\徐佳伟\【python面试题3】数据处理-python组件熟悉情况\cp02_input\xml2019081210-47,C:\Users\11097\Desktop\徐佳伟\【python面试题3】数据处理-python组件熟悉情况\outfile\xml2019081210-47.csv,Sat Apr  4 21:03:34 2020,Sat Apr  4 21:03:34 2020
47,0,28.43,C:\Users\11097\Desktop\徐佳伟\【python面试题3】数据处理-python组件熟悉情况\cp02_input\xml2019081210-48,C:\Users\11097\Desktop\徐佳伟\【python面试题3】数据处理-python组件熟悉情况\outfile\xml2019081210-48.csv,Sat Apr  4 21:03:34 2020,Sat Apr  4 21:03:34 2020
48,0,27.86,C:\Users\11097\Desktop\徐佳伟\【python面试题3】数据处理-python组件熟悉情况\cp02_input\xml2019081210-49,C:\Users\11097\Desktop\徐佳伟\【python面试题3】数据处理-python组件熟悉情况\outfile\xml2019081210-49.csv,Sat Apr  4 21:03:34 2020,Sat Apr  4 21:03:34 2020
49,0,26.44,C:\Users\11097\Desktop\徐佳伟\【python面试题3】数据处理-python组件熟悉情况\cp02_input\xml2019081210-50,C:\Users\11097\Desktop\徐佳伟\【python面试题3】数据处理-python组件熟悉情况\outfile\xml2019081210-50.csv,Sat Apr  4 21:03:34 2020,Sat Apr  4 21:03:34 2020
50,0,26.72,C:\Users\11097\Desktop\徐佳伟\【python面试题3】数据处理-python组件熟悉情况\cp02_input\xml2019081210-51,C:\Users\11097\Desktop\徐佳伟\【python面试题3】数据处理-python组件熟悉情况\outfile\xml2019081210-51.csv,Sat Apr  4 21:03:34 2020,Sat Apr  4 21:03:34 2020
51,0,29.86,C:\Users\11097\Desktop\徐佳伟\【python面试题3】数据处理-python组件熟悉情况\cp02_input\xml2019081210-52,C:\Users\11097\Desktop\徐佳伟\【python面试题3】数据处理-python组件熟悉情况\outfile\xml2019081210-52.csv,Sat Apr  4 21:03:34 2020,Sat Apr  4 21:03:35 2020
52,0,27.01,C:\Users\11097\Desktop\徐佳伟\【python面试题3】数据处理-python组件熟悉情况\cp02_input\xml2019081210-53,C:\Users\11097\Desktop\徐佳伟\【python面试题3】数据处理-python组件熟悉情况\outfile\xml2019081210-53.csv,Sat Apr  4 21:03:35 2020,Sat Apr  4 21:03:35 2020
53,0,28.15,C:\Users\11097\Desktop\徐佳伟\【python面试题3】数据处理-python组件熟悉情况\cp02_input\xml2019081210-54,C:\Users\11097\Desktop\徐佳伟\【python面试题3】数据处理-python组件熟悉情况\outfile\xml2019081210-54.csv,Sat Apr  4 21:03:35 2020,Sat Apr  4 21:03:35 2020
54,0,26.72,C:\Users\11097\Desktop\徐佳伟\【python面试题3】数据处理-python组件熟悉情况\cp02_input\xml2019081210-55,C:\Users\11097\Desktop\徐佳伟\【python面试题3】数据处理-python组件熟悉情况\outfile\xml2019081210-55.csv,Sat Apr  4 21:03:35 2020,Sat Apr  4 21:03:35 2020
55,0,31.29,C:\Users\11097\Desktop\徐佳伟\【python面试题3】数据处理-python组件熟悉情况\cp02_input\xml2019081210-56,C:\Users\11097\Desktop\徐佳伟\【python面试题3】数据处理-python组件熟悉情况\outfile\xml2019081210-56.csv,Sat Apr  4 21:03:35 2020,Sat Apr  4 21:03:35 2020
56,0,27.3,C:\Users\11097\Desktop\徐佳伟\【python面试题3】数据处理-python组件熟悉情况\cp02_input\xml2019081210-57,C:\Users\11097\Desktop\徐佳伟\【python面试题3】数据处理-python组件熟悉情况\outfile\xml2019081210-57.csv,Sat Apr  4 21:03:35 2020,Sat Apr  4 21:03:35 2020
57,0,30.72,C:\Users\11097\Desktop\徐佳伟\【python面试题3】数据处理-python组件熟悉情况\cp02_input\xml2019081210-58,C:\Users\11097\Desktop\徐佳伟\【python面试题3】数据处理-python组件熟悉情况\outfile\xml2019081210-58.csv,Sat Apr  4 21:03:35 2020,Sat Apr  4 21:03:35 2020
58,0,30.72,C:\Users\11097\Desktop\徐佳伟\【python面试题3】数据处理-python组件熟悉情况\cp02_input\xml2019081210-59,C:\Users\11097\Desktop\徐佳伟\【python面试题3】数据处理-python组件熟悉情况\outfile\xml2019081210-59.csv,Sat Apr  4 21:03:35 2020,Sat Apr  4 21:03:35 2020
59,0,31.58,C:\Users\11097\Desktop\徐佳伟\【python面试题3】数据处理-python组件熟悉情况\cp02_input\xml2019081210-60,C:\Users\11097\Desktop\徐佳伟\【python面试题3】数据处理-python组件熟悉情况\outfile\xml2019081210-60.csv,Sat Apr  4 21:03:35 2020,Sat Apr  4 21:03:35 2020
60,0,27.29,C:\Users\11097\Desktop\徐佳伟\【python面试题3】数据处理-python组件熟悉情况\cp02_input\xml2019081210-61,C:\Users\11097\Desktop\徐佳伟\【python面试题3】数据处理-python组件熟悉情况\outfile\xml2019081210-61.csv,Sat Apr  4 21:03:35 2020,Sat Apr  4 21:03:35 2020
61,0,30.43,C:\Users\11097\Desktop\徐佳伟\【python面试题3】数据处理-python组件熟悉情况\cp02_input\xml2019081210-62,C:\Users\11097\Desktop\徐佳伟\【python面试题3】数据处理-python组件熟悉情况\outfile\xml2019081210-62.csv,Sat Apr  4 21:03:35 2020,Sat Apr  4 21:03:35 2020
62,0,31.58,C:\Users\11097\Desktop\徐佳伟\【python面试题3】数据处理-python组件熟悉情况\cp02_input\xml2019081210-63,C:\Users\11097\Desktop\徐佳伟\【python面试题3】数据处理-python组件熟悉情况\outfile\xml2019081210-63.csv,Sat Apr  4 21:03:35 2020,Sat Apr  4 21:03:35 2020
63,0,26.44,C:\Users\11097\Desktop\徐佳伟\【python面试题3】数据处理-python组件熟悉情况\cp02_input\xml2019081210-64,C:\Users\11097\Desktop\徐佳伟\【python面试题3】数据处理-python组件熟悉情况\outfile\xml2019081210-64.csv,Sat Apr  4 21:03:35 2020,Sat Apr  4 21:03:35 2020
64,0,32.15,C:\Users\11097\Desktop\徐佳伟\【python面试题3】数据处理-python组件熟悉情况\cp02_input\xml2019081210-65,C:\Users\11097\Desktop\徐佳伟\【python面试题3】数据处理-python组件熟悉情况\outfile\xml2019081210-65.csv,Sat Apr  4 21:03:35 2020,Sat Apr  4 21:03:35 2020
65,0,27.29,C:\Users\11097\Desktop\徐佳伟\【python面试题3】数据处理-python组件熟悉情况\cp02_input\xml2019081210-66,C:\Users\11097\Desktop\徐佳伟\【python面试题3】数据处理-python组件熟悉情况\outfile\xml2019081210-66.csv,Sat Apr  4 21:03:35 2020,Sat Apr  4 21:03:35 2020
66,0,31.29,C:\Users\11097\Desktop\徐佳伟\【python面试题3】数据处理-python组件熟悉情况\cp02_input\xml2019081210-67,C:\Users\11097\Desktop\徐佳伟\【python面试题3】数据处理-python组件熟悉情况\outfile\xml2019081210-67.csv,Sat Apr  4 21:03:35 2020,Sat Apr  4 21:03:35 2020
67,0,29.86,C:\Users\11097\Desktop\徐佳伟\【python面试题3】数据处理-python组件熟悉情况\cp02_input\xml2019081210-68,C:\Users\11097\Desktop\徐佳伟\【python面试题3】数据处理-python组件熟悉情况\outfile\xml2019081210-68.csv,Sat Apr  4 21:03:35 2020,Sat Apr  4 21:03:35 2020
68,0,29.86,C:\Users\11097\Desktop\徐佳伟\【python面试题3】数据处理-python组件熟悉情况\cp02_input\xml2019081210-69,C:\Users\11097\Desktop\徐佳伟\【python面试题3】数据处理-python组件熟悉情况\outfile\xml2019081210-69.csv,Sat Apr  4 21:03:35 2020,Sat Apr  4 21:03:35 2020
69,0,27.86,C:\Users\11097\Desktop\徐佳伟\【python面试题3】数据处理-python组件熟悉情况\cp02_input\xml2019081210-70,C:\Users\11097\Desktop\徐佳伟\【python面试题3】数据处理-python组件熟悉情况\outfile\xml2019081210-70.csv,Sat Apr  4 21:03:35 2020,Sat Apr  4 21:03:35 2020
70,0,27.87,C:\Users\11097\Desktop\徐佳伟\【python面试题3】数据处理-python组件熟悉情况\cp02_input\xml2019081210-71,C:\Users\11097\Desktop\徐佳伟\【python面试题3】数据处理-python组件熟悉情况\outfile\xml2019081210-71.csv,Sat Apr  4 21:03:35 2020,Sat Apr  4 21:03:35 2020
71,0,30.44,C:\Users\11097\Desktop\徐佳伟\【python面试题3】数据处理-python组件熟悉情况\cp02_input\xml2019081210-72,C:\Users\11097\Desktop\徐佳伟\【python面试题3】数据处理-python组件熟悉情况\outfile\xml2019081210-72.csv,Sat Apr  4 21:03:35 2020,Sat Apr  4 21:03:35 2020
72,0,26.73,C:\Users\11097\Desktop\徐佳伟\【python面试题3】数据处理-python组件熟悉情况\cp02_input\xml2019081210-73,C:\Users\11097\Desktop\徐佳伟\【python面试题3】数据处理-python组件熟悉情况\outfile\xml2019081210-73.csv,Sat Apr  4 21:03:35 2020,Sat Apr  4 21:03:35 2020
73,0,31.58,C:\Users\11097\Desktop\徐佳伟\【python面试题3】数据处理-python组件熟悉情况\cp02_input\xml2019081210-74,C:\Users\11097\Desktop\徐佳伟\【python面试题3】数据处理-python组件熟悉情况\outfile\xml2019081210-74.csv,Sat Apr  4 21:03:35 2020,Sat Apr  4 21:03:35 2020
74,0,29.01,C:\Users\11097\Desktop\徐佳伟\【python面试题3】数据处理-python组件熟悉情况\cp02_input\xml2019081210-75,C:\Users\11097\Desktop\徐佳伟\【python面试题3】数据处理-python组件熟悉情况\outfile\xml2019081210-75.csv,Sat Apr  4 21:03:35 2020,Sat Apr  4 21:03:35 2020
75,0,32.15,C:\Users\11097\Desktop\徐佳伟\【python面试题3】数据处理-python组件熟悉情况\cp02_input\xml2019081210-76,C:\Users\11097\Desktop\徐佳伟\【python面试题3】数据处理-python组件熟悉情况\outfile\xml2019081210-76.csv,Sat Apr  4 21:03:35 2020,Sat Apr  4 21:03:35 2020
76,0,27.58,C:\Users\11097\Desktop\徐佳伟\【python面试题3】数据处理-python组件熟悉情况\cp02_input\xml2019081210-77,C:\Users\11097\Desktop\徐佳伟\【python面试题3】数据处理-python组件熟悉情况\outfile\xml2019081210-77.csv,Sat Apr  4 21:03:35 2020,Sat Apr  4 21:03:35 2020
77,0,31.29,C:\Users\11097\Desktop\徐佳伟\【python面试题3】数据处理-python组件熟悉情况\cp02_input\xml2019081210-78,C:\Users\11097\Desktop\徐佳伟\【python面试题3】数据处理-python组件熟悉情况\outfile\xml2019081210-78.csv,Sat Apr  4 21:03:35 2020,Sat Apr  4 21:03:35 2020
78,0,29.57,C:\Users\11097\Desktop\徐佳伟\【python面试题3】数据处理-python组件熟悉情况\cp02_input\xml2019081210-79,C:\Users\11097\Desktop\徐佳伟\【python面试题3】数据处理-python组件熟悉情况\outfile\xml2019081210-79.csv,Sat Apr  4 21:03:35 2020,Sat Apr  4 21:03:35 2020
79,0,29.29,C:\Users\11097\Desktop\徐佳伟\【python面试题3】数据处理-python组件熟悉情况\cp02_input\xml2019081210-80,C:\Users\11097\Desktop\徐佳伟\【python面试题3】数据处理-python组件熟悉情况\outfile\xml2019081210-80.csv,Sat Apr  4 21:03:35 2020,Sat Apr  4 21:03:35 2020
80,0,28.15,C:\Users\11097\Desktop\徐佳伟\【python面试题3】数据处理-python组件熟悉情况\cp02_input\xml2019081210-81,C:\Users\11097\Desktop\徐佳伟\【python面试题3】数据处理-python组件熟悉情况\outfile\xml2019081210-81.csv,Sat Apr  4 21:03:35 2020,Sat Apr  4 21:03:35 2020
81,0,29.58,C:\Users\11097\Desktop\徐佳伟\【python面试题3】数据处理-python组件熟悉情况\cp02_input\xml2019081210-82,C:\Users\11097\Desktop\徐佳伟\【python面试题3】数据处理-python组件熟悉情况\outfile\xml2019081210-82.csv,Sat Apr  4 21:03:35 2020,Sat Apr  4 21:03:35 2020
82,0,32.15,C:\Users\11097\Desktop\徐佳伟\【python面试题3】数据处理-python组件熟悉情况\cp02_input\xml2019081210-83,C:\Users\11097\Desktop\徐佳伟\【python面试题3】数据处理-python组件熟悉情况\outfile\xml2019081210-83.csv,Sat Apr  4 21:03:35 2020,Sat Apr  4 21:03:35 2020
83,0,31.0,C:\Users\11097\Desktop\徐佳伟\【python面试题3】数据处理-python组件熟悉情况\cp02_input\xml2019081210-84,C:\Users\11097\Desktop\徐佳伟\【python面试题3】数据处理-python组件熟悉情况\outfile\xml2019081210-84.csv,Sat Apr  4 21:03:35 2020,Sat Apr  4 21:03:35 2020
84,0,27.58,C:\Users\11097\Desktop\徐佳伟\【python面试题3】数据处理-python组件熟悉情况\cp02_input\xml2019081210-85,C:\Users\11097\Desktop\徐佳伟\【python面试题3】数据处理-python组件熟悉情况\outfile\xml2019081210-85.csv,Sat Apr  4 21:03:35 2020,Sat Apr  4 21:03:35 2020
85,0,26.44,C:\Users\11097\Desktop\徐佳伟\【python面试题3】数据处理-python组件熟悉情况\cp02_input\xml2019081210-86,C:\Users\11097\Desktop\徐佳伟\【python面试题3】数据处理-python组件熟悉情况\outfile\xml2019081210-86.csv,Sat Apr  4 21:03:35 2020,Sat Apr  4 21:03:35 2020
86,0,29.86,C:\Users\11097\Desktop\徐佳伟\【python面试题3】数据处理-python组件熟悉情况\cp02_input\xml2019081210-87,C:\Users\11097\Desktop\徐佳伟\【python面试题3】数据处理-python组件熟悉情况\outfile\xml2019081210-87.csv,Sat Apr  4 21:03:35 2020,Sat Apr  4 21:03:35 2020
87,0,26.73,C:\Users\11097\Desktop\徐佳伟\【python面试题3】数据处理-python组件熟悉情况\cp02_input\xml2019081210-88,C:\Users\11097\Desktop\徐佳伟\【python面试题3】数据处理-python组件熟悉情况\outfile\xml2019081210-88.csv,Sat Apr  4 21:03:35 2020,Sat Apr  4 21:03:35 2020
88,0,31.58,C:\Users\11097\Desktop\徐佳伟\【python面试题3】数据处理-python组件熟悉情况\cp02_input\xml2019081210-89,C:\Users\11097\Desktop\徐佳伟\【python面试题3】数据处理-python组件熟悉情况\outfile\xml2019081210-89.csv,Sat Apr  4 21:03:35 2020,Sat Apr  4 21:03:35 2020
89,0,26.43,C:\Users\11097\Desktop\徐佳伟\【python面试题3】数据处理-python组件熟悉情况\cp02_input\xml2019081210-90,C:\Users\11097\Desktop\徐佳伟\【python面试题3】数据处理-python组件熟悉情况\outfile\xml2019081210-90.csv,Sat Apr  4 21:03:35 2020,Sat Apr  4 21:03:35 2020
90,0,29.29,C:\Users\11097\Desktop\徐佳伟\【python面试题3】数据处理-python组件熟悉情况\cp02_input\xml2019081210-91,C:\Users\11097\Desktop\徐佳伟\【python面试题3】数据处理-python组件熟悉情况\outfile\xml2019081210-91.csv,Sat Apr  4 21:03:35 2020,Sat Apr  4 21:03:35 2020
91,0,28.15,C:\Users\11097\Desktop\徐佳伟\【python面试题3】数据处理-python组件熟悉情况\cp02_input\xml2019081210-92,C:\Users\11097\Desktop\徐佳伟\【python面试题3】数据处理-python组件熟悉情况\outfile\xml2019081210-92.csv,Sat Apr  4 21:03:35 2020,Sat Apr  4 21:03:35 2020
92,0,26.44,C:\Users\11097\Desktop\徐佳伟\【python面试题3】数据处理-python组件熟悉情况\cp02_input\xml2019081210-93,C:\Users\11097\Desktop\徐佳伟\【python面试题3】数据处理-python组件熟悉情况\outfile\xml2019081210-93.csv,Sat Apr  4 21:03:35 2020,Sat Apr  4 21:03:35 2020
93,0,30.15,C:\Users\11097\Desktop\徐佳伟\【python面试题3】数据处理-python组件熟悉情况\cp02_input\xml2019081210-94,C:\Users\11097\Desktop\徐佳伟\【python面试题3】数据处理-python组件熟悉情况\outfile\xml2019081210-94.csv,Sat Apr  4 21:03:35 2020,Sat Apr  4 21:03:35 2020
94,0,30.15,C:\Users\11097\Desktop\徐佳伟\【python面试题3】数据处理-python组件熟悉情况\cp02_input\xml2019081210-95,C:\Users\11097\Desktop\徐佳伟\【python面试题3】数据处理-python组件熟悉情况\outfile\xml2019081210-95.csv,Sat Apr  4 21:03:35 2020,Sat Apr  4 21:03:35 2020
95,0,28.72,C:\Users\11097\Desktop\徐佳伟\【python面试题3】数据处理-python组件熟悉情况\cp02_input\xml2019081210-96,C:\Users\11097\Desktop\徐佳伟\【python面试题3】数据处理-python组件熟悉情况\outfile\xml2019081210-96.csv,Sat Apr  4 21:03:35 2020,Sat Apr  4 21:03:35 2020
96,0,31.87,C:\Users\11097\Desktop\徐佳伟\【python面试题3】数据处理-python组件熟悉情况\cp02_input\xml2019081210-97,C:\Users\11097\Desktop\徐佳伟\【python面试题3】数据处理-python组件熟悉情况\outfile\xml2019081210-97.csv,Sat Apr  4 21:03:35 2020,Sat Apr  4 21:03:35 2020
97,0,27.0,C:\Users\11097\Desktop\徐佳伟\【python面试题3】数据处理-python组件熟悉情况\cp02_input\xml2019081210-98,C:\Users\11097\Desktop\徐佳伟\【python面试题3】数据处理-python组件熟悉情况\outfile\xml2019081210-98.csv,Sat Apr  4 21:03:35 2020,Sat Apr  4 21:03:35 2020
98,0,31.29,C:\Users\11097\Desktop\徐佳伟\【python面试题3】数据处理-python组件熟悉情况\cp02_input\xml2019081210-99,C:\Users\11097\Desktop\徐佳伟\【python面试题3】数据处理-python组件熟悉情况\outfile\xml2019081210-99.csv,Sat Apr  4 21:03:35 2020,Sat Apr  4 21:03:35 2020
99,0,28.43,C:\Users\11097\Desktop\徐佳伟\【python面试题3】数据处理-python组件熟悉情况\cp02_input\xml2019081210-100,C:\Users\11097\Desktop\徐佳伟\【python面试题3】数据处理-python组件熟悉情况\outfile\xml2019081210-100.csv,Sat Apr  4 21:03:35 2020,Sat Apr  4 21:03:35 2020
100,0,29.29,C:\Users\11097\Desktop\徐佳伟\【python面试题3】数据处理-python组件熟悉情况\cp02_input\xml2019081210-101,C:\Users\11097\Desktop\徐佳伟\【python面试题3】数据处理-python组件熟悉情况\outfile\xml2019081210-101.csv,Sat Apr  4 21:03:35 2020,Sat Apr  4 21:03:35 2020
101,0,28.15,C:\Users\11097\Desktop\徐佳伟\【python面试题3】数据处理-python组件熟悉情况\cp02_input\xml2019081210-102,C:\Users\11097\Desktop\徐佳伟\【python面试题3】数据处理-python组件熟悉情况\outfile\xml2019081210-102.csv,Sat Apr  4 21:03:35 2020,Sat Apr  4 21:03:35 2020
102,0,31.87,C:\Users\11097\Desktop\徐佳伟\【python面试题3】数据处理-python组件熟悉情况\cp02_input\xml2019081210-103,C:\Users\11097\Desktop\徐佳伟\【python面试题3】数据处理-python组件熟悉情况\outfile\xml2019081210-103.csv,Sat Apr  4 21:03:35 2020,Sat Apr  4 21:03:35 2020
103,0,31.01,C:\Users\11097\Desktop\徐佳伟\【python面试题3】数据处理-python组件熟悉情况\cp02_input\xml2019081210-104,C:\Users\11097\Desktop\徐佳伟\【python面试题3】数据处理-python组件熟悉情况\outfile\xml2019081210-104.csv,Sat Apr  4 21:03:35 2020,Sat Apr  4 21:03:35 2020
104,0,30.73,C:\Users\11097\Desktop\徐佳伟\【python面试题3】数据处理-python组件熟悉情况\cp02_input\xml2019081210-105,C:\Users\11097\Desktop\徐佳伟\【python面试题3】数据处理-python组件熟悉情况\outfile\xml2019081210-105.csv,Sat Apr  4 21:03:35 2020,Sat Apr  4 21:03:35 2020
105,0,31.58,C:\Users\11097\Desktop\徐佳伟\【python面试题3】数据处理-python组件熟悉情况\cp02_input\xml2019081210-106,C:\Users\11097\Desktop\徐佳伟\【python面试题3】数据处理-python组件熟悉情况\outfile\xml2019081210-106.csv,Sat Apr  4 21:03:35 2020,Sat Apr  4 21:03:35 2020
106,0,31.58,C:\Users\11097\Desktop\徐佳伟\【python面试题3】数据处理-python组件熟悉情况\cp02_input\xml2019081210-107,C:\Users\11097\Desktop\徐佳伟\【python面试题3】数据处理-python组件熟悉情况\outfile\xml2019081210-107.csv,Sat Apr  4 21:03:35 2020,Sat Apr  4 21:03:35 2020
107,0,30.72,C:\Users\11097\Desktop\徐佳伟\【python面试题3】数据处理-python组件熟悉情况\cp02_input\xml2019081210-108,C:\Users\11097\Desktop\徐佳伟\【python面试题3】数据处理-python组件熟悉情况\outfile\xml2019081210-108.csv,Sat Apr  4 21:03:35 2020,Sat Apr  4 21:03:35 2020
108,0,29.86,C:\Users\11097\Desktop\徐佳伟\【python面试题3】数据处理-python组件熟悉情况\cp02_input\xml2019081210-109,C:\Users\11097\Desktop\徐佳伟\【python面试题3】数据处理-python组件熟悉情况\outfile\xml2019081210-109.csv,Sat Apr  4 21:03:35 2020,Sat Apr  4 21:03:35 2020
109,0,30.43,C:\Users\11097\Desktop\徐佳伟\【python面试题3】数据处理-python组件熟悉情况\cp02_input\xml2019081210-110,C:\Users\11097\Desktop\徐佳伟\【python面试题3】数据处理-python组件熟悉情况\outfile\xml2019081210-110.csv,Sat Apr  4 21:03:35 2020,Sat Apr  4 21:03:35 2020
110,0,29.01,C:\Users\11097\Desktop\徐佳伟\【python面试题3】数据处理-python组件熟悉情况\cp02_input\xml2019081210-111,C:\Users\11097\Desktop\徐佳伟\【python面试题3】数据处理-python组件熟悉情况\outfile\xml2019081210-111.csv,Sat Apr  4 21:03:35 2020,Sat Apr  4 21:03:35 2020
111,0,27.58,C:\Users\11097\Desktop\徐佳伟\【python面试题3】数据处理-python组件熟悉情况\cp02_input\xml2019081210-112,C:\Users\11097\Desktop\徐佳伟\【python面试题3】数据处理-python组件熟悉情况\outfile\xml2019081210-112.csv,Sat Apr  4 21:03:35 2020,Sat Apr  4 21:03:35 2020
112,0,27.01,C:\Users\11097\Desktop\徐佳伟\【python面试题3】数据处理-python组件熟悉情况\cp02_input\xml2019081210-113,C:\Users\11097\Desktop\徐佳伟\【python面试题3】数据处理-python组件熟悉情况\outfile\xml2019081210-113.csv,Sat Apr  4 21:03:35 2020,Sat Apr  4 21:03:35 2020
113,0,26.44,C:\Users\11097\Desktop\徐佳伟\【python面试题3】数据处理-python组件熟悉情况\cp02_input\xml2019081210-114,C:\Users\11097\Desktop\徐佳伟\【python面试题3】数据处理-python组件熟悉情况\outfile\xml2019081210-114.csv,Sat Apr  4 21:03:35 2020,Sat Apr  4 21:03:35 2020
114,0,32.15,C:\Users\11097\Desktop\徐佳伟\【python面试题3】数据处理-python组件熟悉情况\cp02_input\xml2019081210-115,C:\Users\11097\Desktop\徐佳伟\【python面试题3】数据处理-python组件熟悉情况\outfile\xml2019081210-115.csv,Sat Apr  4 21:03:35 2020,Sat Apr  4 21:03:35 2020
115,0,27.29,C:\Users\11097\Desktop\徐佳伟\【python面试题3】数据处理-python组件熟悉情况\cp02_input\xml2019081210-116,C:\Users\11097\Desktop\徐佳伟\【python面试题3】数据处理-python组件熟悉情况\outfile\xml2019081210-116.csv,Sat Apr  4 21:03:35 2020,Sat Apr  4 21:03:35 2020
116,0,27.58,C:\Users\11097\Desktop\徐佳伟\【python面试题3】数据处理-python组件熟悉情况\cp02_input\xml2019081210-117,C:\Users\11097\Desktop\徐佳伟\【python面试题3】数据处理-python组件熟悉情况\outfile\xml2019081210-117.csv,Sat Apr  4 21:03:35 2020,Sat Apr  4 21:03:35 2020
117,0,31.58,C:\Users\11097\Desktop\徐佳伟\【python面试题3】数据处理-python组件熟悉情况\cp02_input\xml2019081210-118,C:\Users\11097\Desktop\徐佳伟\【python面试题3】数据处理-python组件熟悉情况\outfile\xml2019081210-118.csv,Sat Apr  4 21:03:35 2020,Sat Apr  4 21:03:35 2020
118,0,29.29,C:\Users\11097\Desktop\徐佳伟\【python面试题3】数据处理-python组件熟悉情况\cp02_input\xml2019081210-119,C:\Users\11097\Desktop\徐佳伟\【python面试题3】数据处理-python组件熟悉情况\outfile\xml2019081210-119.csv,Sat Apr  4 21:03:35 2020,Sat Apr  4 21:03:35 2020
119,0,27.86,C:\Users\11097\Desktop\徐佳伟\【python面试题3】数据处理-python组件熟悉情况\cp02_input\xml2019081210-120,C:\Users\11097\Desktop\徐佳伟\【python面试题3】数据处理-python组件熟悉情况\outfile\xml2019081210-120.csv,Sat Apr  4 21:03:35 2020,Sat Apr  4 21:03:35 2020
120,0,30.15,C:\Users\11097\Desktop\徐佳伟\【python面试题3】数据处理-python组件熟悉情况\cp02_input\xml2019081210-121,C:\Users\11097\Desktop\徐佳伟\【python面试题3】数据处理-python组件熟悉情况\outfile\xml2019081210-121.csv,Sat Apr  4 21:03:35 2020,Sat Apr  4 21:03:35 2020
121,0,30.72,C:\Users\11097\Desktop\徐佳伟\【python面试题3】数据处理-python组件熟悉情况\cp02_input\xml2019081210-122,C:\Users\11097\Desktop\徐佳伟\【python面试题3】数据处理-python组件熟悉情况\outfile\xml2019081210-122.csv,Sat Apr  4 21:03:35 2020,Sat Apr  4 21:03:35 2020
122,0,31.01,C:\Users\11097\Desktop\徐佳伟\【python面试题3】数据处理-python组件熟悉情况\cp02_input\xml2019081210-123,C:\Users\11097\Desktop\徐佳伟\【python面试题3】数据处理-python组件熟悉情况\outfile\xml2019081210-123.csv,Sat Apr  4 21:03:35 2020,Sat Apr  4 21:03:35 2020
123,0,27.29,C:\Users\11097\Desktop\徐佳伟\【python面试题3】数据处理-python组件熟悉情况\cp02_input\xml2019081210-124,C:\Users\11097\Desktop\徐佳伟\【python面试题3】数据处理-python组件熟悉情况\outfile\xml2019081210-124.csv,Sat Apr  4 21:03:35 2020,Sat Apr  4 21:03:35 2020
124,0,26.73,C:\Users\11097\Desktop\徐佳伟\【python面试题3】数据处理-python组件熟悉情况\cp02_input\xml2019081210-125,C:\Users\11097\Desktop\徐佳伟\【python面试题3】数据处理-python组件熟悉情况\outfile\xml2019081210-125.csv,Sat Apr  4 21:03:35 2020,Sat Apr  4 21:03:35 2020
125,0,28.72,C:\Users\11097\Desktop\徐佳伟\【python面试题3】数据处理-python组件熟悉情况\cp02_input\xml2019081210-126,C:\Users\11097\Desktop\徐佳伟\【python面试题3】数据处理-python组件熟悉情况\outfile\xml2019081210-126.csv,Sat Apr  4 21:03:35 2020,Sat Apr  4 21:03:35 2020
126,0,31.86,C:\Users\11097\Desktop\徐佳伟\【python面试题3】数据处理-python组件熟悉情况\cp02_input\xml2019081210-127,C:\Users\11097\Desktop\徐佳伟\【python面试题3】数据处理-python组件熟悉情况\outfile\xml2019081210-127.csv,Sat Apr  4 21:03:35 2020,Sat Apr  4 21:03:35 2020
127,0,32.15,C:\Users\11097\Desktop\徐佳伟\【python面试题3】数据处理-python组件熟悉情况\cp02_input\xml2019081210-128,C:\Users\11097\Desktop\徐佳伟\【python面试题3】数据处理-python组件熟悉情况\outfile\xml2019081210-128.csv,Sat Apr  4 21:03:35 2020,Sat Apr  4 21:03:35 2020
128,0,28.44,C:\Users\11097\Desktop\徐佳伟\【python面试题3】数据处理-python组件熟悉情况\cp02_input\xml2019081210-129,C:\Users\11097\Desktop\徐佳伟\【python面试题3】数据处理-python组件熟悉情况\outfile\xml2019081210-129.csv,Sat Apr  4 21:03:35 2020,Sat Apr  4 21:03:35 2020
129,0,31.29,C:\Users\11097\Desktop\徐佳伟\【python面试题3】数据处理-python组件熟悉情况\cp02_input\xml2019081210-130,C:\Users\11097\Desktop\徐佳伟\【python面试题3】数据处理-python组件熟悉情况\outfile\xml2019081210-130.csv,Sat Apr  4 21:03:35 2020,Sat Apr  4 21:03:35 2020
130,0,29.0,C:\Users\11097\Desktop\徐佳伟\【python面试题3】数据处理-python组件熟悉情况\cp02_input\xml2019081210-131,C:\Users\11097\Desktop\徐佳伟\【python面试题3】数据处理-python组件熟悉情况\outfile\xml2019081210-131.csv,Sat Apr  4 21:03:35 2020,Sat Apr  4 21:03:35 2020
131,0,29.29,C:\Users\11097\Desktop\徐佳伟\【python面试题3】数据处理-python组件熟悉情况\cp02_input\xml2019081210-132,C:\Users\11097\Desktop\徐佳伟\【python面试题3】数据处理-python组件熟悉情况\outfile\xml2019081210-132.csv,Sat Apr  4 21:03:35 2020,Sat Apr  4 21:03:35 2020
132,0,31.29,C:\Users\11097\Desktop\徐佳伟\【python面试题3】数据处理-python组件熟悉情况\cp02_input\xml2019081210-133,C:\Users\11097\Desktop\徐佳伟\【python面试题3】数据处理-python组件熟悉情况\outfile\xml2019081210-133.csv,Sat Apr  4 21:03:35 2020,Sat Apr  4 21:03:35 2020
133,0,32.15,C:\Users\11097\Desktop\徐佳伟\【python面试题3】数据处理-python组件熟悉情况\cp02_input\xml2019081210-134,C:\Users\11097\Desktop\徐佳伟\【python面试题3】数据处理-python组件熟悉情况\outfile\xml2019081210-134.csv,Sat Apr  4 21:03:35 2020,Sat Apr  4 21:03:35 2020
134,0,31.29,C:\Users\11097\Desktop\徐佳伟\【python面试题3】数据处理-python组件熟悉情况\cp02_input\xml2019081210-135,C:\Users\11097\Desktop\徐佳伟\【python面试题3】数据处理-python组件熟悉情况\outfile\xml2019081210-135.csv,Sat Apr  4 21:03:35 2020,Sat Apr  4 21:03:35 2020
135,0,27.86,C:\Users\11097\Desktop\徐佳伟\【python面试题3】数据处理-python组件熟悉情况\cp02_input\xml2019081210-136,C:\Users\11097\Desktop\徐佳伟\【python面试题3】数据处理-python组件熟悉情况\outfile\xml2019081210-136.csv,Sat Apr  4 21:03:35 2020,Sat Apr  4 21:03:35 2020
136,0,29.86,C:\Users\11097\Desktop\徐佳伟\【python面试题3】数据处理-python组件熟悉情况\cp02_input\xml2019081210-137,C:\Users\11097\Desktop\徐佳伟\【python面试题3】数据处理-python组件熟悉情况\outfile\xml2019081210-137.csv,Sat Apr  4 21:03:35 2020,Sat Apr  4 21:03:35 2020
137,0,29.57,C:\Users\11097\Desktop\徐佳伟\【python面试题3】数据处理-python组件熟悉情况\cp02_input\xml2019081210-138,C:\Users\11097\Desktop\徐佳伟\【python面试题3】数据处理-python组件熟悉情况\outfile\xml2019081210-138.csv,Sat Apr  4 21:03:35 2020,Sat Apr  4 21:03:35 2020
138,0,30.43,C:\Users\11097\Desktop\徐佳伟\【python面试题3】数据处理-python组件熟悉情况\cp02_input\xml2019081210-139,C:\Users\11097\Desktop\徐佳伟\【python面试题3】数据处理-python组件熟悉情况\outfile\xml2019081210-139.csv,Sat Apr  4 21:03:35 2020,Sat Apr  4 21:03:35 2020
139,0,28.43,C:\Users\11097\Desktop\徐佳伟\【python面试题3】数据处理-python组件熟悉情况\cp02_input\xml2019081210-140,C:\Users\11097\Desktop\徐佳伟\【python面试题3】数据处理-python组件熟悉情况\outfile\xml2019081210-140.csv,Sat Apr  4 21:03:35 2020,Sat Apr  4 21:03:35 2020
140,0,29.0,C:\Users\11097\Desktop\徐佳伟\【python面试题3】数据处理-python组件熟悉情况\cp02_input\xml2019081210-141,C:\Users\11097\Desktop\徐佳伟\【python面试题3】数据处理-python组件熟悉情况\outfile\xml2019081210-141.csv,Sat Apr  4 21:03:35 2020,Sat Apr  4 21:03:35 2020
141,0,31.01,C:\Users\11097\Desktop\徐佳伟\【python面试题3】数据处理-python组件熟悉情况\cp02_input\xml2019081210-142,C:\Users\11097\Desktop\徐佳伟\【python面试题3】数据处理-python组件熟悉情况\outfile\xml2019081210-142.csv,Sat Apr  4 21:03:35 2020,Sat Apr  4 21:03:35 2020
142,0,30.43,C:\Users\11097\Desktop\徐佳伟\【python面试题3】数据处理-python组件熟悉情况\cp02_input\xml2019081210-143,C:\Users\11097\Desktop\徐佳伟\【python面试题3】数据处理-python组件熟悉情况\outfile\xml2019081210-143.csv,Sat Apr  4 21:03:35 2020,Sat Apr  4 21:03:35 2020
143,0,31.58,C:\Users\11097\Desktop\徐佳伟\【python面试题3】数据处理-python组件熟悉情况\cp02_input\xml2019081210-144,C:\Users\11097\Desktop\徐佳伟\【python面试题3】数据处理-python组件熟悉情况\outfile\xml2019081210-144.csv,Sat Apr  4 21:03:35 2020,Sat Apr  4 21:03:35 2020
144,0,28.43,C:\Users\11097\Desktop\徐佳伟\【python面试题3】数据处理-python组件熟悉情况\cp02_input\xml2019081210-145,C:\Users\11097\Desktop\徐佳伟\【python面试题3】数据处理-python组件熟悉情况\outfile\xml2019081210-145.csv,Sat Apr  4 21:03:35 2020,Sat Apr  4 21:03:35 2020
145,0,27.58,C:\Users\11097\Desktop\徐佳伟\【python面试题3】数据处理-python组件熟悉情况\cp02_input\xml2019081210-146,C:\Users\11097\Desktop\徐佳伟\【python面试题3】数据处理-python组件熟悉情况\outfile\xml2019081210-146.csv,Sat Apr  4 21:03:35 2020,Sat Apr  4 21:03:35 2020
146,0,29.58,C:\Users\11097\Desktop\徐佳伟\【python面试题3】数据处理-python组件熟悉情况\cp02_input\xml2019081210-147,C:\Users\11097\Desktop\徐佳伟\【python面试题3】数据处理-python组件熟悉情况\outfile\xml2019081210-147.csv,Sat Apr  4 21:03:35 2020,Sat Apr  4 21:03:35 2020
147,0,32.15,C:\Users\11097\Desktop\徐佳伟\【python面试题3】数据处理-python组件熟悉情况\cp02_input\xml2019081210-148,C:\Users\11097\Desktop\徐佳伟\【python面试题3】数据处理-python组件熟悉情况\outfile\xml2019081210-148.csv,Sat Apr  4 21:03:35 2020,Sat Apr  4 21:03:35 2020
148,0,30.72,C:\Users\11097\Desktop\徐佳伟\【python面试题3】数据处理-python组件熟悉情况\cp02_input\xml2019081210-149,C:\Users\11097\Desktop\徐佳伟\【python面试题3】数据处理-python组件熟悉情况\outfile\xml2019081210-149.csv,Sat Apr  4 21:03:35 2020,Sat Apr  4 21:03:35 2020
149,0,29.01,C:\Users\11097\Desktop\徐佳伟\【python面试题3】数据处理-python组件熟悉情况\cp02_input\xml2019081210-150,C:\Users\11097\Desktop\徐佳伟\【python面试题3】数据处理-python组件熟悉情况\outfile\xml2019081210-150.csv,Sat Apr  4 21:03:35 2020,Sat Apr  4 21:03:35 2020
150,0,26.44,C:\Users\11097\Desktop\徐佳伟\【python面试题3】数据处理-python组件熟悉情况\cp02_input\xml2019081210-151,C:\Users\11097\Desktop\徐佳伟\【python面试题3】数据处理-python组件熟悉情况\outfile\xml2019081210-151.csv,Sat Apr  4 21:03:35 2020,Sat Apr  4 21:03:35 2020
151,0,32.15,C:\Users\11097\Desktop\徐佳伟\【python面试题3】数据处理-python组件熟悉情况\cp02_input\xml2019081210-152,C:\Users\11097\Desktop\徐佳伟\【python面试题3】数据处理-python组件熟悉情况\outfile\xml2019081210-152.csv,Sat Apr  4 21:03:35 2020,Sat Apr  4 21:03:35 2020
152,0,27.01,C:\Users\11097\Desktop\徐佳伟\【python面试题3】数据处理-python组件熟悉情况\cp02_input\xml2019081210-153,C:\Users\11097\Desktop\徐佳伟\【python面试题3】数据处理-python组件熟悉情况\outfile\xml2019081210-153.csv,Sat Apr  4 21:03:35 2020,Sat Apr  4 21:03:35 2020
153,0,28.72,C:\Users\11097\Desktop\徐佳伟\【python面试题3】数据处理-python组件熟悉情况\cp02_input\xml2019081210-154,C:\Users\11097\Desktop\徐佳伟\【python面试题3】数据处理-python组件熟悉情况\outfile\xml2019081210-154.csv,Sat Apr  4 21:03:35 2020,Sat Apr  4 21:03:35 2020
154,0,30.43,C:\Users\11097\Desktop\徐佳伟\【python面试题3】数据处理-python组件熟悉情况\cp02_input\xml2019081210-155,C:\Users\11097\Desktop\徐佳伟\【python面试题3】数据处理-python组件熟悉情况\outfile\xml2019081210-155.csv,Sat Apr  4 21:03:35 2020,Sat Apr  4 21:03:35 2020
155,0,30.44,C:\Users\11097\Desktop\徐佳伟\【python面试题3】数据处理-python组件熟悉情况\cp02_input\xml2019081210-156,C:\Users\11097\Desktop\徐佳伟\【python面试题3】数据处理-python组件熟悉情况\outfile\xml2019081210-156.csv,Sat Apr  4 21:03:35 2020,Sat Apr  4 21:03:35 2020
156,0,26.44,C:\Users\11097\Desktop\徐佳伟\【python面试题3】数据处理-python组件熟悉情况\cp02_input\xml2019081210-157,C:\Users\11097\Desktop\徐佳伟\【python面试题3】数据处理-python组件熟悉情况\outfile\xml2019081210-157.csv,Sat Apr  4 21:03:35 2020,Sat Apr  4 21:03:35 2020
157,0,26.44,C:\Users\11097\Desktop\徐佳伟\【python面试题3】数据处理-python组件熟悉情况\cp02_input\xml2019081210-158,C:\Users\11097\Desktop\徐佳伟\【python面试题3】数据处理-python组件熟悉情况\outfile\xml2019081210-158.csv,Sat Apr  4 21:03:35 2020,Sat Apr  4 21:03:35 2020
158,0,27.01,C:\Users\11097\Desktop\徐佳伟\【python面试题3】数据处理-python组件熟悉情况\cp02_input\xml2019081210-159,C:\Users\11097\Desktop\徐佳伟\【python面试题3】数据处理-python组件熟悉情况\outfile\xml2019081210-159.csv,Sat Apr  4 21:03:35 2020,Sat Apr  4 21:03:35 2020
159,0,29.0,C:\Users\11097\Desktop\徐佳伟\【python面试题3】数据处理-python组件熟悉情况\cp02_input\xml2019081210-160,C:\Users\11097\Desktop\徐佳伟\【python面试题3】数据处理-python组件熟悉情况\outfile\xml2019081210-160.csv,Sat Apr  4 21:03:35 2020,Sat Apr  4 21:03:35 2020
160,0,26.44,C:\Users\11097\Desktop\徐佳伟\【python面试题3】数据处理-python组件熟悉情况\cp02_input\xml2019081210-161,C:\Users\11097\Desktop\徐佳伟\【python面试题3】数据处理-python组件熟悉情况\outfile\xml2019081210-161.csv,Sat Apr  4 21:03:36 2020,Sat Apr  4 21:03:36 2020
161,0,31.58,C:\Users\11097\Desktop\徐佳伟\【python面试题3】数据处理-python组件熟悉情况\cp02_input\xml2019081210-162,C:\Users\11097\Desktop\徐佳伟\【python面试题3】数据处理-python组件熟悉情况\outfile\xml2019081210-162.csv,Sat Apr  4 21:03:36 2020,Sat Apr  4 21:03:36 2020
162,0,31.58,C:\Users\11097\Desktop\徐佳伟\【python面试题3】数据处理-python组件熟悉情况\cp02_input\xml2019081210-163,C:\Users\11097\Desktop\徐佳伟\【python面试题3】数据处理-python组件熟悉情况\outfile\xml2019081210-163.csv,Sat Apr  4 21:03:36 2020,Sat Apr  4 21:03:36 2020
163,0,30.71,C:\Users\11097\Desktop\徐佳伟\【python面试题3】数据处理-python组件熟悉情况\cp02_input\xml2019081210-164,C:\Users\11097\Desktop\徐佳伟\【python面试题3】数据处理-python组件熟悉情况\outfile\xml2019081210-164.csv,Sat Apr  4 21:03:36 2020,Sat Apr  4 21:03:36 2020
164,0,28.72,C:\Users\11097\Desktop\徐佳伟\【python面试题3】数据处理-python组件熟悉情况\cp02_input\xml2019081210-165,C:\Users\11097\Desktop\徐佳伟\【python面试题3】数据处理-python组件熟悉情况\outfile\xml2019081210-165.csv,Sat Apr  4 21:03:36 2020,Sat Apr  4 21:03:36 2020
165,0,27.01,C:\Users\11097\Desktop\徐佳伟\【python面试题3】数据处理-python组件熟悉情况\cp02_input\xml2019081210-166,C:\Users\11097\Desktop\徐佳伟\【python面试题3】数据处理-python组件熟悉情况\outfile\xml2019081210-166.csv,Sat Apr  4 21:03:36 2020,Sat Apr  4 21:03:36 2020
166,0,27.58,C:\Users\11097\Desktop\徐佳伟\【python面试题3】数据处理-python组件熟悉情况\cp02_input\xml2019081210-167,C:\Users\11097\Desktop\徐佳伟\【python面试题3】数据处理-python组件熟悉情况\outfile\xml2019081210-167.csv,Sat Apr  4 21:03:36 2020,Sat Apr  4 21:03:36 2020
167,0,28.43,C:\Users\11097\Desktop\徐佳伟\【python面试题3】数据处理-python组件熟悉情况\cp02_input\xml2019081210-168,C:\Users\11097\Desktop\徐佳伟\【python面试题3】数据处理-python组件熟悉情况\outfile\xml2019081210-168.csv,Sat Apr  4 21:03:36 2020,Sat Apr  4 21:03:36 2020
168,0,26.72,C:\Users\11097\Desktop\徐佳伟\【python面试题3】数据处理-python组件熟悉情况\cp02_input\xml2019081210-169,C:\Users\11097\Desktop\徐佳伟\【python面试题3】数据处理-python组件熟悉情况\outfile\xml2019081210-169.csv,Sat Apr  4 21:03:36 2020,Sat Apr  4 21:03:36 2020
169,0,28.72,C:\Users\11097\Desktop\徐佳伟\【python面试题3】数据处理-python组件熟悉情况\cp02_input\xml2019081210-170,C:\Users\11097\Desktop\徐佳伟\【python面试题3】数据处理-python组件熟悉情况\outfile\xml2019081210-170.csv,Sat Apr  4 21:03:36 2020,Sat Apr  4 21:03:36 2020
170,0,29.57,C:\Users\11097\Desktop\徐佳伟\【python面试题3】数据处理-python组件熟悉情况\cp02_input\xml2019081210-171,C:\Users\11097\Desktop\徐佳伟\【python面试题3】数据处理-python组件熟悉情况\outfile\xml2019081210-171.csv,Sat Apr  4 21:03:36 2020,Sat Apr  4 21:03:36 2020
171,0,27.86,C:\Users\11097\Desktop\徐佳伟\【python面试题3】数据处理-python组件熟悉情况\cp02_input\xml2019081210-172,C:\Users\11097\Desktop\徐佳伟\【python面试题3】数据处理-python组件熟悉情况\outfile\xml2019081210-172.csv,Sat Apr  4 21:03:36 2020,Sat Apr  4 21:03:36 2020
172,0,27.01,C:\Users\11097\Desktop\徐佳伟\【python面试题3】数据处理-python组件熟悉情况\cp02_input\xml2019081210-173,C:\Users\11097\Desktop\徐佳伟\【python面试题3】数据处理-python组件熟悉情况\outfile\xml2019081210-173.csv,Sat Apr  4 21:03:36 2020,Sat Apr  4 21:03:36 2020
173,0,29.29,C:\Users\11097\Desktop\徐佳伟\【python面试题3】数据处理-python组件熟悉情况\cp02_input\xml2019081210-174,C:\Users\11097\Desktop\徐佳伟\【python面试题3】数据处理-python组件熟悉情况\outfile\xml2019081210-174.csv,Sat Apr  4 21:03:36 2020,Sat Apr  4 21:03:36 2020
174,0,26.72,C:\Users\11097\Desktop\徐佳伟\【python面试题3】数据处理-python组件熟悉情况\cp02_input\xml2019081210-175,C:\Users\11097\Desktop\徐佳伟\【python面试题3】数据处理-python组件熟悉情况\outfile\xml2019081210-175.csv,Sat Apr  4 21:03:36 2020,Sat Apr  4 21:03:36 2020
175,0,29.29,C:\Users\11097\Desktop\徐佳伟\【python面试题3】数据处理-python组件熟悉情况\cp02_input\xml2019081210-176,C:\Users\11097\Desktop\徐佳伟\【python面试题3】数据处理-python组件熟悉情况\outfile\xml2019081210-176.csv,Sat Apr  4 21:03:36 2020,Sat Apr  4 21:03:36 2020
176,0,27.01,C:\Users\11097\Desktop\徐佳伟\【python面试题3】数据处理-python组件熟悉情况\cp02_input\xml2019081210-177,C:\Users\11097\Desktop\徐佳伟\【python面试题3】数据处理-python组件熟悉情况\outfile\xml2019081210-177.csv,Sat Apr  4 21:03:36 2020,Sat Apr  4 21:03:36 2020
177,0,30.15,C:\Users\11097\Desktop\徐佳伟\【python面试题3】数据处理-python组件熟悉情况\cp02_input\xml2019081210-178,C:\Users\11097\Desktop\徐佳伟\【python面试题3】数据处理-python组件熟悉情况\outfile\xml2019081210-178.csv,Sat Apr  4 21:03:36 2020,Sat Apr  4 21:03:36 2020
178,0,30.44,C:\Users\11097\Desktop\徐佳伟\【python面试题3】数据处理-python组件熟悉情况\cp02_input\xml2019081210-179,C:\Users\11097\Desktop\徐佳伟\【python面试题3】数据处理-python组件熟悉情况\outfile\xml2019081210-179.csv,Sat Apr  4 21:03:36 2020,Sat Apr  4 21:03:36 2020
179,0,31.87,C:\Users\11097\Desktop\徐佳伟\【python面试题3】数据处理-python组件熟悉情况\cp02_input\xml2019081210-180,C:\Users\11097\Desktop\徐佳伟\【python面试题3】数据处理-python组件熟悉情况\outfile\xml2019081210-180.csv,Sat Apr  4 21:03:36 2020,Sat Apr  4 21:03:36 2020
180,0,29.57,C:\Users\11097\Desktop\徐佳伟\【python面试题3】数据处理-python组件熟悉情况\cp02_input\xml2019081210-181,C:\Users\11097\Desktop\徐佳伟\【python面试题3】数据处理-python组件熟悉情况\outfile\xml2019081210-181.csv,Sat Apr  4 21:03:36 2020,Sat Apr  4 21:03:36 2020
181,0,30.44,C:\Users\11097\Desktop\徐佳伟\【python面试题3】数据处理-python组件熟悉情况\cp02_input\xml2019081210-182,C:\Users\11097\Desktop\徐佳伟\【python面试题3】数据处理-python组件熟悉情况\outfile\xml2019081210-182.csv,Sat Apr  4 21:03:36 2020,Sat Apr  4 21:03:36 2020
182,0,27.86,C:\Users\11097\Desktop\徐佳伟\【python面试题3】数据处理-python组件熟悉情况\cp02_input\xml2019081210-183,C:\Users\11097\Desktop\徐佳伟\【python面试题3】数据处理-python组件熟悉情况\outfile\xml2019081210-183.csv,Sat Apr  4 21:03:36 2020,Sat Apr  4 21:03:36 2020
183,0,28.72,C:\Users\11097\Desktop\徐佳伟\【python面试题3】数据处理-python组件熟悉情况\cp02_input\xml2019081210-184,C:\Users\11097\Desktop\徐佳伟\【python面试题3】数据处理-python组件熟悉情况\outfile\xml2019081210-184.csv,Sat Apr  4 21:03:36 2020,Sat Apr  4 21:03:36 2020
184,0,28.44,C:\Users\11097\Desktop\徐佳伟\【python面试题3】数据处理-python组件熟悉情况\cp02_input\xml2019081210-185,C:\Users\11097\Desktop\徐佳伟\【python面试题3】数据处理-python组件熟悉情况\outfile\xml2019081210-185.csv,Sat Apr  4 21:03:36 2020,Sat Apr  4 21:03:36 2020
185,0,31.58,C:\Users\11097\Desktop\徐佳伟\【python面试题3】数据处理-python组件熟悉情况\cp02_input\xml2019081210-186,C:\Users\11097\Desktop\徐佳伟\【python面试题3】数据处理-python组件熟悉情况\outfile\xml2019081210-186.csv,Sat Apr  4 21:03:36 2020,Sat Apr  4 21:03:36 2020
186,0,30.43,C:\Users\11097\Desktop\徐佳伟\【python面试题3】数据处理-python组件熟悉情况\cp02_input\xml2019081210-187,C:\Users\11097\Desktop\徐佳伟\【python面试题3】数据处理-python组件熟悉情况\outfile\xml2019081210-187.csv,Sat Apr  4 21:03:36 2020,Sat Apr  4 21:03:36 2020
187,0,29.0,C:\Users\11097\Desktop\徐佳伟\【python面试题3】数据处理-python组件熟悉情况\cp02_input\xml2019081210-188,C:\Users\11097\Desktop\徐佳伟\【python面试题3】数据处理-python组件熟悉情况\outfile\xml2019081210-188.csv,Sat Apr  4 21:03:36 2020,Sat Apr  4 21:03:36 2020
188,0,30.44,C:\Users\11097\Desktop\徐佳伟\【python面试题3】数据处理-python组件熟悉情况\cp02_input\xml2019081210-189,C:\Users\11097\Desktop\徐佳伟\【python面试题3】数据处理-python组件熟悉情况\outfile\xml2019081210-189.csv,Sat Apr  4 21:03:36 2020,Sat Apr  4 21:03:36 2020
189,0,27.58,C:\Users\11097\Desktop\徐佳伟\【python面试题3】数据处理-python组件熟悉情况\cp02_input\xml2019081210-190,C:\Users\11097\Desktop\徐佳伟\【python面试题3】数据处理-python组件熟悉情况\outfile\xml2019081210-190.csv,Sat Apr  4 21:03:36 2020,Sat Apr  4 21:03:36 2020
190,0,28.72,C:\Users\11097\Desktop\徐佳伟\【python面试题3】数据处理-python组件熟悉情况\cp02_input\xml2019081210-191,C:\Users\11097\Desktop\徐佳伟\【python面试题3】数据处理-python组件熟悉情况\outfile\xml2019081210-191.csv,Sat Apr  4 21:03:36 2020,Sat Apr  4 21:03:36 2020
191,0,26.73,C:\Users\11097\Desktop\徐佳伟\【python面试题3】数据处理-python组件熟悉情况\cp02_input\xml2019081210-192,C:\Users\11097\Desktop\徐佳伟\【python面试题3】数据处理-python组件熟悉情况\outfile\xml2019081210-192.csv,Sat Apr  4 21:03:36 2020,Sat Apr  4 21:03:36 2020
192,0,31.86,C:\Users\11097\Desktop\徐佳伟\【python面试题3】数据处理-python组件熟悉情况\cp02_input\xml2019081210-193,C:\Users\11097\Desktop\徐佳伟\【python面试题3】数据处理-python组件熟悉情况\outfile\xml2019081210-193.csv,Sat Apr  4 21:03:36 2020,Sat Apr  4 21:03:36 2020
193,0,26.72,C:\Users\11097\Desktop\徐佳伟\【python面试题3】数据处理-python组件熟悉情况\cp02_input\xml2019081210-194,C:\Users\11097\Desktop\徐佳伟\【python面试题3】数据处理-python组件熟悉情况\outfile\xml2019081210-194.csv,Sat Apr  4 21:03:36 2020,Sat Apr  4 21:03:36 2020
194,0,31.0,C:\Users\11097\Desktop\徐佳伟\【python面试题3】数据处理-python组件熟悉情况\cp02_input\xml2019081210-195,C:\Users\11097\Desktop\徐佳伟\【python面试题3】数据处理-python组件熟悉情况\outfile\xml2019081210-195.csv,Sat Apr  4 21:03:36 2020,Sat Apr  4 21:03:36 2020
195,0,26.44,C:\Users\11097\Desktop\徐佳伟\【python面试题3】数据处理-python组件熟悉情况\cp02_input\xml2019081210-196,C:\Users\11097\Desktop\徐佳伟\【python面试题3】数据处理-python组件熟悉情况\outfile\xml2019081210-196.csv,Sat Apr  4 21:03:36 2020,Sat Apr  4 21:03:36 2020
196,0,31.87,C:\Users\11097\Desktop\徐佳伟\【python面试题3】数据处理-python组件熟悉情况\cp02_input\xml2019081210-197,C:\Users\11097\Desktop\徐佳伟\【python面试题3】数据处理-python组件熟悉情况\outfile\xml2019081210-197.csv,Sat Apr  4 21:03:36 2020,Sat Apr  4 21:03:36 2020
197,0,30.15,C:\Users\11097\Desktop\徐佳伟\【python面试题3】数据处理-python组件熟悉情况\cp02_input\xml2019081210-198,C:\Users\11097\Desktop\徐佳伟\【python面试题3】数据处理-python组件熟悉情况\outfile\xml2019081210-198.csv,Sat Apr  4 21:03:36 2020,Sat Apr  4 21:03:36 2020
198,0,31.86,C:\Users\11097\Desktop\徐佳伟\【python面试题3】数据处理-python组件熟悉情况\cp02_input\xml2019081210-199,C:\Users\11097\Desktop\徐佳伟\【python面试题3】数据处理-python组件熟悉情况\outfile\xml2019081210-199.csv,Sat Apr  4 21:03:36 2020,Sat Apr  4 21:03:36 2020
199,0,26.72,C:\Users\11097\Desktop\徐佳伟\【python面试题3】数据处理-python组件熟悉情况\cp02_input\xml2019081210-200,C:\Users\11097\Desktop\徐佳伟\【python面试题3】数据处理-python组件熟悉情况\outfile\xml2019081210-200.csv,Sat Apr  4 21:03:36 2020,Sat Apr  4 21:03:36 2020
